{"cameraMode":{"drawMode":0,"name":"Shaded","section":"Shading Mode"},"sceneLighting":false,"audioPlay":false,"sceneViewState":{"m_AlwaysRefresh":false,"showFog":true,"showSkybox":false,"showFlares":true,"showImageEffects":true,"showParticleSystems":true,"showVisualEffectGraphs":true,"m_FxEnabled":true},"in2DMode":false,"pivot":{"x":0.00550609827041626,"y":0.8896401524543762,"z":-0.035166189074516299},"rotation":{"x":0.005478796549141407,"y":0.9830731153488159,"z":-0.18072740733623506,"w":0.02979801408946514},"size":1.4218683242797852,"orthographic":false}